                  epoch,         train/box_loss,         train/cls_loss,         train/dfl_loss,   metrics/precision(B),      metrics/recall(B),       metrics/mAP50(B),    metrics/mAP50-95(B),           val/box_loss,           val/cls_loss,           val/dfl_loss,                 lr/pg0,                 lr/pg1,                 lr/pg2
                      1,                 1.0019,                 3.9495,                  1.486,                      1,                  0.125,                0.47043,                0.46927,                0.64773,                 4.3904,                 1.1441,              7.777e-05,              7.777e-05,              7.777e-05
                      2,                0.93329,                 2.6063,                 1.4437,                0.38691,                  0.425,                0.29735,                0.18065,                 1.4648,                  20.49,                  2.038,             0.00016599,             0.00016599,             0.00016599
                      3,                 1.0041,                 2.2277,                 1.4479,                0.46602,                 0.5625,                0.27956,                0.12416,                 2.2434,                 10.318,                 2.9719,             0.00025351,             0.00025351,             0.00025351
                      4,                0.99789,                 2.1188,                 1.4338,                0.63333,                  0.375,                0.27763,                 0.1576,                 1.7436,                 53.393,                 2.9457,             0.00034032,             0.00034032,             0.00034032
                      5,                 1.1434,                 2.2241,                 1.5713,                0.01014,                   0.25,                0.03449,                0.00919,                 2.4773,                    inf,                  5.664,             0.00042643,             0.00042643,             0.00042643
                      6,                 1.2889,                   2.17,                 1.6497,                0.25504,                 0.0625,                0.00262,                0.00172,                 3.0413,                    inf,                 88.038,             0.00051183,             0.00051183,             0.00051183
                      7,                 1.4132,                 2.3505,                 1.7688,                0.25504,                 0.0625,                0.00262,                0.00172,                 3.7897,                    inf,                 228.79,             0.00059653,             0.00059653,             0.00059653
                      8,                 1.3572,                  2.211,                 1.7347,                0.25504,                 0.0625,                0.00262,                0.00172,                 4.6891,                    inf,                 369.14,             0.00068053,             0.00068053,             0.00068053
                      9,                 1.5728,                 2.5295,                 1.9049,                0.25504,                 0.0625,                0.00262,                0.00172,                    nan,                    nan,                    nan,             0.00076382,             0.00076382,             0.00076382
                     10,                 1.5806,                 2.3828,                 1.8939,                0.25504,                 0.0625,                0.00262,                0.00172,                    nan,                    nan,                    nan,             0.00084641,             0.00084641,             0.00084641
                     11,                 1.7645,                 2.5736,                  2.034,                0.25504,                 0.0625,                0.00262,                0.00172,                    nan,                    nan,                    nan,             0.00092829,             0.00092829,             0.00092829
                     12,                 1.5394,                 2.4897,                 1.8526,                0.00671,                 0.1875,                0.00342,                0.00114,                 3.6387,                    inf,                 13.758,              0.0010095,              0.0010095,              0.0010095
                     13,                 1.5992,                 2.4996,                 1.8967,                0.50069,                 0.0625,                0.00049,                0.00015,                 3.4195,                    inf,                 8.5152,              0.0010582,              0.0010582,              0.0010582
                     14,                 1.6042,                  2.393,                 1.9179,                0.00463,                   0.25,                0.00387,                0.00097,                 3.6576,                 529.07,                 6.8675,              0.0010582,              0.0010582,              0.0010582
                     15,                 1.5296,                 2.4352,                 1.8392,                 0.0723,                   0.05,                 0.0197,                0.01082,                 3.3801,                 225.71,                 8.0873,              0.0010538,              0.0010538,              0.0010538
                     16,                 1.4219,                 2.1502,                 1.7824,                0.29297,                   0.25,                0.05946,                0.01574,                 3.3597,                 90.132,                 7.8813,              0.0010494,              0.0010494,              0.0010494
                     17,                 1.6247,                 2.4168,                 1.8701,                0.59235,                   0.25,                0.11556,                0.04458,                 2.9927,                 16.226,                  4.736,               0.001045,               0.001045,               0.001045
                     18,                 1.4196,                 2.1479,                 1.7219,                 0.3148,                 0.3125,                 0.0448,                0.02166,                 2.6526,                  25.84,                 3.9737,              0.0010406,              0.0010406,              0.0010406
                     19,                 1.4142,                 2.1702,                 1.7383,                0.05406,                    0.3,                0.04771,                0.01642,                 2.1166,                 43.498,                 4.2723,              0.0010362,              0.0010362,              0.0010362
                     20,                 1.4735,                 2.1372,                 1.7443,                 0.0229,                  0.125,                0.02839,                0.00506,                 2.5599,                 16.517,                 5.2892,              0.0010318,              0.0010318,              0.0010318
                     21,                 1.4654,                  2.171,                 1.7681,                0.53509,                 0.0625,                0.06803,                0.01224,                 3.0804,                 7.8534,                  5.127,              0.0010274,              0.0010274,              0.0010274
                     22,                  1.339,                 2.1048,                 1.6473,                0.18559,                  0.375,                0.34035,                0.09999,                  2.285,                 17.763,                  3.134,               0.001023,               0.001023,               0.001023
                     23,                 1.3548,                 1.9501,                 1.6518,                0.34364,                   0.55,                0.25104,                0.07494,                 2.4307,                 13.009,                 3.5546,              0.0010186,              0.0010186,              0.0010186
                     24,                 1.4445,                 2.0767,                 1.7501,                0.68146,                    0.5,                0.42577,                0.18338,                 1.9309,                 7.0432,                 2.4987,              0.0010142,              0.0010142,              0.0010142
                     25,                 1.3773,                 2.0248,                 1.6872,                0.49636,                    0.5,                 0.3007,                0.14963,                 1.9396,                 8.4935,                  2.739,              0.0010098,              0.0010098,              0.0010098
                     26,                 1.3807,                 1.9419,                 1.6756,                0.50248,                0.48845,                 0.3575,                0.23173,                   1.82,                 6.1033,                 2.3506,              0.0010054,              0.0010054,              0.0010054
                     27,                 1.3739,                 1.9583,                 1.6897,                0.11424,                  0.375,                0.25632,                0.16344,                 1.7745,                 9.7428,                 2.2665,               0.001001,               0.001001,               0.001001
                     28,                 1.3339,                 1.8957,                 1.6705,                0.35439,                 0.4785,                0.43233,                0.28798,                 1.8538,                 5.2942,                 2.2776,             0.00099661,             0.00099661,             0.00099661
                     29,                 1.3212,                 1.8285,                 1.6308,                0.06367,                  0.675,                0.17907,                0.09567,                 1.7332,                 49.721,                  2.272,             0.00099221,             0.00099221,             0.00099221
                     30,                 1.2253,                 1.8103,                 1.5506,                  0.096,                  0.375,                0.21328,                0.06939,                 1.6172,                 43.984,                 2.2269,             0.00098781,             0.00098781,             0.00098781
                     31,                  1.263,                 1.7563,                 1.6061,                0.66574,                 0.4375,                0.33054,                0.15817,                 2.1181,                 3.9085,                  2.827,             0.00098341,             0.00098341,             0.00098341
                     32,                 1.1961,                 1.6535,                 1.5201,                0.82595,                0.42491,                0.49197,                0.30782,                 1.7426,                  3.157,                 2.6116,             0.00097901,             0.00097901,             0.00097901
                     33,                 1.2544,                 1.6363,                 1.5954,                0.77986,                 0.5625,                0.61668,                0.43205,                 1.3696,                 2.2687,                 1.8706,             0.00097461,             0.00097461,             0.00097461
                     34,                 1.1498,                 1.6402,                 1.5118,                0.49578,                0.53981,                0.51609,                0.30766,                 1.4336,                 2.3151,                 1.8617,             0.00097021,             0.00097021,             0.00097021
                     35,                   1.31,                 1.7639,                 1.6281,                0.46444,                0.47207,                0.43934,                0.23389,                 1.5829,                 2.9177,                 2.0075,             0.00096581,             0.00096581,             0.00096581
                     36,                 1.1607,                 1.5876,                 1.5153,                 0.4203,                0.41345,                0.39105,                0.24622,                 1.7531,                 3.0525,                 2.4479,             0.00096141,             0.00096141,             0.00096141
                     37,                 1.0997,                 1.4997,                 1.4855,                0.76172,                 0.4375,                0.57061,                0.37619,                 1.2874,                 2.6002,                 1.8175,             0.00095702,             0.00095702,             0.00095702
                     38,                  1.166,                 1.6732,                 1.4986,                0.88344,                0.62494,                0.65458,                0.41172,                  1.524,                 2.1937,                 2.0013,             0.00095262,             0.00095262,             0.00095262
                     39,                 1.1068,                  1.455,                 1.4521,                 0.3748,                0.74859,                0.57775,                 0.3782,                 1.4817,                 1.7356,                 2.1518,             0.00094822,             0.00094822,             0.00094822
                     40,                 1.0412,                 1.3222,                 1.4063,                0.49257,                  0.725,                0.64842,                0.37551,                 1.4327,                  1.801,                 1.8658,             0.00094382,             0.00094382,             0.00094382
                     41,                 1.1154,                 1.5206,                 1.4393,                0.43306,                0.75497,                0.61435,                0.31828,                 1.5353,                 1.8401,                 1.9761,             0.00093942,             0.00093942,             0.00093942
                     42,                  1.103,                 1.4329,                 1.4624,                0.68001,                0.63876,                0.67172,                0.41106,                 1.4327,                 1.8758,                 1.8676,             0.00093502,             0.00093502,             0.00093502
                     43,                 1.1318,                 1.4803,                  1.478,                 0.8667,                0.60374,                0.74379,                0.51666,                 1.1475,                 1.7735,                 1.6553,             0.00093062,             0.00093062,             0.00093062
                     44,                 1.0369,                 1.3297,                 1.3987,                0.97653,                  0.625,                0.72658,                0.51703,                 1.2956,                 2.0729,                 1.7813,             0.00092622,             0.00092622,             0.00092622
                     45,                 1.0328,                 1.3645,                 1.4013,                0.71796,                0.45134,                0.65769,                0.33304,                  1.703,                 2.7537,                 2.3661,             0.00092182,             0.00092182,             0.00092182
                     46,                0.94263,                 1.2797,                 1.3606,                0.84566,                0.54209,                0.67801,                0.41183,                 1.3924,                 2.5889,                 2.0287,             0.00091742,             0.00091742,             0.00091742
                     47,                 1.0989,                 1.5017,                 1.4513,                0.66795,                 0.6645,                0.64269,                0.38835,                 1.4349,                 2.5633,                 1.9927,             0.00091302,             0.00091302,             0.00091302
                     48,                 1.0267,                 1.4203,                 1.4041,                0.91492,                 0.4375,                0.59993,                0.44357,                 1.4649,                 2.5491,                 2.0745,             0.00090862,             0.00090862,             0.00090862
                     49,                 1.0463,                 1.3763,                 1.3986,                0.40691,                0.65282,                0.59564,                0.43644,                 1.5955,                 1.9765,                 2.0827,             0.00090422,             0.00090422,             0.00090422
                     50,                 1.0235,                 1.3575,                 1.4152,                0.58488,                   0.55,                0.55422,                0.39396,                 1.8091,                 2.2609,                 2.5814,             0.00089982,             0.00089982,             0.00089982
                     51,                 1.0276,                 1.2915,                 1.3908,                0.85572,                  0.425,                0.63486,                0.48124,                 1.2157,                 1.9635,                 1.6649,             0.00089542,             0.00089542,             0.00089542
                     52,                0.92295,                 1.2445,                 1.3185,                0.51794,                  0.775,                0.70098,                0.50004,                 1.3709,                 1.6743,                 1.8861,             0.00089102,             0.00089102,             0.00089102
                     53,                0.93528,                 1.2161,                 1.3707,                0.64069,                 0.5625,                0.73474,                0.48871,                 1.2073,                 1.4973,                 2.0116,             0.00088662,             0.00088662,             0.00088662
                     54,                0.91505,                 1.2066,                 1.3198,                 0.8661,                0.77026,                0.92759,                0.52982,                 1.2906,                 1.5909,                 1.8218,             0.00088222,             0.00088222,             0.00088222
                     55,                0.97827,                 1.2837,                 1.3428,                0.76414,                 0.7875,                  0.814,                0.48678,                 1.5344,                 1.6222,                 2.0701,             0.00087782,             0.00087782,             0.00087782
                     56,                0.96814,                 1.2508,                 1.3524,                0.48755,                0.71545,                 0.7462,                0.40481,                 1.6239,                 2.2299,                 2.2765,             0.00087342,             0.00087342,             0.00087342
                     57,                0.98393,                 1.2526,                 1.3832,                0.72796,                0.50481,                 0.6133,                0.33401,                 1.6235,                 2.3681,                 2.1559,             0.00086902,             0.00086902,             0.00086902
                     58,                 1.0057,                 1.2533,                 1.3721,                0.37847,                   0.77,                0.52575,                0.35103,                 1.4673,                 1.9732,                 2.0635,             0.00086462,             0.00086462,             0.00086462
                     59,                0.93367,                 1.1763,                 1.3296,                 0.6398,                 0.7125,                0.69045,                0.43866,                 1.6571,                 1.5193,                 2.2454,             0.00086023,             0.00086023,             0.00086023
                     60,                 1.0283,                 1.2837,                 1.3784,                 0.6668,                0.70394,                0.75676,                0.45771,                 1.5718,                  1.496,                 1.9433,             0.00085583,             0.00085583,             0.00085583
                     61,                  0.952,                 1.2621,                 1.3301,                0.68807,                 0.6125,                0.67292,                0.35607,                 1.4412,                 1.8776,                 2.0854,             0.00085143,             0.00085143,             0.00085143
                     62,                0.93001,                  1.315,                 1.3168,                0.61603,                  0.675,                0.69385,                0.50472,                 1.0925,                 1.7592,                  1.631,             0.00084703,             0.00084703,             0.00084703
                     63,                0.88064,                 1.1667,                 1.2817,                0.51838,                0.66073,                0.63278,                0.46951,                 1.1946,                 1.8594,                 1.5983,             0.00084263,             0.00084263,             0.00084263
                     64,                 0.9073,                 1.1588,                 1.2775,                0.66945,                0.77659,                0.69446,                0.49774,                 1.0645,                 1.6962,                  1.507,             0.00083823,             0.00083823,             0.00083823
                     65,                0.93044,                 1.1311,                  1.317,                0.43298,                  0.675,                0.58186,                0.48346,                 1.0515,                 1.7145,                 1.5471,             0.00083383,             0.00083383,             0.00083383
                     66,                0.87664,                 1.0843,                 1.2905,                0.74965,                0.71624,                0.72278,                0.51557,                 1.1603,                 1.5842,                 1.7138,             0.00082943,             0.00082943,             0.00082943
                     67,                0.94322,                 1.1847,                 1.3367,                0.78278,                0.65278,                0.72718,                0.48752,                 1.3128,                 1.9686,                 1.9149,             0.00082503,             0.00082503,             0.00082503
                     68,                0.83364,                 1.0648,                 1.2842,                0.81052,                 0.6125,                0.62658,                0.45961,                 1.2351,                 1.9284,                 1.8357,             0.00082063,             0.00082063,             0.00082063
                     69,                0.84941,                 1.0793,                  1.313,                0.69525,                 0.5375,                0.63354,                0.42765,                 1.3597,                 1.8119,                 1.8595,             0.00081623,             0.00081623,             0.00081623
                     70,                0.90893,                 1.1731,                 1.2985,                0.77929,                 0.4875,                 0.5762,                0.41293,                 1.2334,                 1.7954,                 1.6951,             0.00081183,             0.00081183,             0.00081183
                     71,                0.84842,                 1.0595,                  1.264,                0.67256,                0.57948,                0.66403,                0.47945,                 1.2399,                 1.6164,                 1.7064,             0.00080743,             0.00080743,             0.00080743
                     72,                0.81938,                 1.0153,                 1.2335,                0.45333,                   0.65,                0.65176,                0.49378,                 1.0878,                 1.5764,                 1.5771,             0.00080303,             0.00080303,             0.00080303
                     73,                0.79431,                 1.0722,                 1.2102,                0.82072,                0.66428,                0.86044,                0.59719,                 1.0062,                 1.0406,                 1.4103,             0.00079863,             0.00079863,             0.00079863
                     74,                0.74742,                 0.9814,                 1.1968,                0.77894,                  0.675,                0.78645,                0.54992,                 1.0524,                 1.3206,                 1.4437,             0.00079423,             0.00079423,             0.00079423
                     75,                0.81935,                 1.0217,                 1.2683,                0.76465,                0.70493,                0.76507,                 0.5055,                 1.3917,                 1.5119,                 1.8051,             0.00078983,             0.00078983,             0.00078983
                     76,                0.80129,                0.99369,                  1.196,                0.74335,                 0.8123,                0.84049,                0.57676,                 1.2607,                 1.2985,                 1.7468,             0.00078543,             0.00078543,             0.00078543
                     77,                 0.7555,                0.96949,                 1.2083,                0.73329,                0.76751,                0.83369,                0.57053,                 1.1694,                  1.327,                 1.6666,             0.00078103,             0.00078103,             0.00078103
                     78,                0.84219,                 1.0374,                 1.2423,                0.75876,                0.77246,                0.79399,                0.58693,                 1.2362,                 1.5127,                 1.6778,             0.00077663,             0.00077663,             0.00077663
                     79,                0.76236,                0.96775,                 1.1728,                0.76449,                0.62624,                0.72143,                 0.4766,                 1.5526,                 1.7663,                 1.8809,             0.00077223,             0.00077223,             0.00077223
                     80,                0.86946,                 1.0448,                  1.217,                0.76222,                   0.55,                0.66788,                0.47936,                 1.5642,                 1.9066,                 2.0276,             0.00076783,             0.00076783,             0.00076783
                     81,                0.77659,                0.93848,                 1.2236,                0.61169,                 0.7875,                0.73307,                0.50712,                 1.2171,                 1.6235,                 1.6007,             0.00076343,             0.00076343,             0.00076343
                     82,                0.81216,                0.92617,                 1.2278,                0.72796,                0.55295,                    0.7,                0.47197,                  1.431,                 1.5889,                 1.9092,             0.00075904,             0.00075904,             0.00075904
                     83,                0.75502,                0.96738,                 1.1934,                0.90364,                  0.375,                 0.5357,                0.36873,                 2.1125,                 2.3641,                 3.0706,             0.00075464,             0.00075464,             0.00075464
                     84,                0.75507,                0.90002,                  1.187,                0.74588,                  0.375,                0.43672,                0.34592,                 2.0064,                 2.2547,                 2.8524,             0.00075024,             0.00075024,             0.00075024
                     85,                0.76554,                0.92099,                 1.1884,                0.83434,                0.52425,                0.63754,                0.40712,                 1.6297,                 2.0234,                 2.0456,             0.00074584,             0.00074584,             0.00074584
                     86,                0.74123,                0.94501,                  1.172,                0.53704,                0.57868,                0.60348,                0.44843,                 1.5177,                  2.124,                 1.9104,             0.00074144,             0.00074144,             0.00074144
                     87,                0.73784,                0.93473,                 1.1888,                0.66807,                0.86402,                0.77134,                0.56021,                 1.2713,                  1.467,                 1.7253,             0.00073704,             0.00073704,             0.00073704
                     88,                0.70265,                0.88865,                 1.1505,                0.73374,                 0.8375,                0.83969,                0.61328,                 1.0755,                 1.1992,                 1.6489,             0.00073264,             0.00073264,             0.00073264
                     89,                0.79087,                0.96311,                 1.2348,                0.69811,                0.51986,                0.60896,                0.41211,                 1.6166,                  2.099,                 2.3453,             0.00072824,             0.00072824,             0.00072824
                     90,                0.77163,                0.97333,                 1.2373,                0.78958,                0.56694,                0.69797,                0.57062,                 1.3438,                 1.6433,                 1.9437,             0.00072384,             0.00072384,             0.00072384
                     91,                0.76914,                0.94415,                 1.1963,                0.58343,                0.80515,                0.78769,                0.54035,                 1.2404,                 1.4492,                 1.8399,             0.00071944,             0.00071944,             0.00071944
                     92,                0.76358,                 1.0013,                 1.2068,                0.61336,                0.76268,                0.77329,                0.52869,                 1.2666,                 1.6792,                 1.7546,             0.00071504,             0.00071504,             0.00071504
                     93,                0.70022,                 0.8277,                 1.1409,                0.58964,                0.82695,                0.82423,                0.60995,                 1.0905,                 1.5002,                 1.7294,             0.00071064,             0.00071064,             0.00071064
                     94,                0.73067,                0.85573,                 1.1851,                 0.7189,                 0.7375,                0.79277,                0.59016,                 1.1929,                 1.6788,                 1.7816,             0.00070624,             0.00070624,             0.00070624
                     95,                0.73708,                0.94035,                 1.1863,                0.77185,                 0.7375,                0.74807,                0.59759,                 1.1974,                 1.5526,                 1.7899,             0.00070184,             0.00070184,             0.00070184
                     96,                 0.7086,                0.82886,                 1.1504,                0.71953,                 0.7375,                0.73994,                0.57829,                 1.0999,                 1.4236,                 1.6595,             0.00069744,             0.00069744,             0.00069744
                     97,                0.72973,                 0.8112,                 1.1927,                0.68345,                0.72885,                0.72973,                0.56838,                 1.1072,                 1.2955,                 1.6342,             0.00069304,             0.00069304,             0.00069304
                     98,                0.71288,                0.79912,                 1.1644,                0.72955,                0.69205,                0.73996,                0.59303,                  1.415,                 1.3632,                  1.913,             0.00068864,             0.00068864,             0.00068864
                     99,                0.79463,                0.91135,                  1.229,                0.67706,                 0.7375,                0.76764,                0.58201,                  1.223,                 1.4026,                 1.7891,             0.00068424,             0.00068424,             0.00068424
                    100,                0.70499,                0.84335,                 1.1628,                0.61534,                0.51124,                0.66417,                 0.5216,                 1.0084,                 1.3386,                  1.544,             0.00067984,             0.00067984,             0.00067984
                    101,                0.71764,                0.90958,                 1.1699,                0.50804,                 0.6125,                0.57974,                0.47192,                 1.1507,                  1.504,                 1.5867,             0.00067544,             0.00067544,             0.00067544
                    102,                0.77455,                0.92614,                  1.201,                0.64214,                0.65499,                0.62634,                0.49369,                 1.0321,                 1.4208,                 1.4557,             0.00067104,             0.00067104,             0.00067104
                    103,                0.69404,                0.85952,                 1.1342,                0.73351,                 0.6625,                0.67784,                0.53787,                 1.0574,                 1.3194,                 1.3452,             0.00066664,             0.00066664,             0.00066664
                    104,                0.72022,                0.83135,                 1.1666,                0.82635,                0.65494,                0.70019,                0.53759,                 1.0736,                 1.4024,                 1.3946,             0.00066224,             0.00066224,             0.00066224
                    105,                0.68807,                 0.8019,                 1.1306,                0.83109,                 0.6625,                 0.8281,                0.63478,                 1.0102,                 1.1858,                 1.3415,             0.00065785,             0.00065785,             0.00065785
                    106,                0.68532,                0.86977,                 1.1353,                0.66321,                0.76605,                0.78193,                0.61641,                 1.0855,                  1.284,                 1.4407,             0.00065345,             0.00065345,             0.00065345
                    107,                0.73025,                0.86921,                 1.1958,                0.64823,                0.89164,                0.77734,                0.58544,                 1.1595,                 1.2504,                 1.5319,             0.00064905,             0.00064905,             0.00064905
                    108,                0.67117,                  0.804,                 1.1384,                0.64426,                0.82138,                0.83729,                0.58595,                 1.2782,                 1.1793,                 1.7088,             0.00064465,             0.00064465,             0.00064465
                    109,                 0.6731,                 0.8209,                 1.1374,                0.83923,                0.70774,                0.84122,                0.61142,                 1.0175,                 1.0572,                 1.5417,             0.00064025,             0.00064025,             0.00064025
                    110,                0.65891,                0.80034,                 1.1123,                0.65652,                0.72279,                 0.7368,                0.57013,                0.99654,                 1.5793,                 1.5857,             0.00063585,             0.00063585,             0.00063585
                    111,                0.67494,                0.77956,                 1.1529,                0.60531,                 0.7298,                0.68202,                0.52249,                 1.0016,                 1.6321,                 1.4608,             0.00063145,             0.00063145,             0.00063145
                    112,                0.65857,                0.75641,                 1.1244,                0.81598,                    0.6,                0.73003,                0.52164,                 1.0079,                 1.2916,                 1.4135,             0.00062705,             0.00062705,             0.00062705
                    113,                0.67143,                0.71976,                  1.118,                0.55519,                0.58072,                0.72271,                0.49061,                 1.0301,                 1.4498,                 1.4613,             0.00062265,             0.00062265,             0.00062265
                    114,                0.67178,                0.75141,                 1.1415,                0.44375,                    0.6,                0.70847,                0.50948,                 1.0674,                 1.2902,                 1.4468,             0.00061825,             0.00061825,             0.00061825
                    115,                0.60029,                0.68301,                 1.0717,                0.68324,                0.64096,                0.76245,                0.57638,                 1.1703,                 1.2306,                 1.4744,             0.00061385,             0.00061385,             0.00061385
                    116,                0.63078,                0.74074,                 1.0982,                0.66236,                0.51954,                0.67433,                0.57068,                0.90114,                 1.4411,                 1.3369,             0.00060945,             0.00060945,             0.00060945
                    117,                0.60697,                0.70588,                 1.1084,                0.68639,                0.52319,                0.68433,                0.63772,                0.84481,                 1.1959,                 1.3235,             0.00060505,             0.00060505,             0.00060505
                    118,                0.61649,                0.78299,                 1.1021,                0.68823,                0.76985,                0.74312,                0.63598,                0.97936,                 1.0743,                 1.4872,             0.00060065,             0.00060065,             0.00060065
                    119,                 0.6455,                0.72942,                 1.0964,                0.67457,                0.71808,                 0.7868,                0.66199,                 1.1916,                0.94005,                 1.7661,             0.00059625,             0.00059625,             0.00059625
                    120,                0.67612,                0.78221,                 1.1106,                0.65997,                0.83935,                0.81772,                0.64412,                 1.1941,                0.96047,                 1.7261,             0.00059185,             0.00059185,             0.00059185
                    121,                 0.6306,                0.73597,                 1.1023,                0.66749,                0.84572,                0.81306,                0.68482,                 1.0686,                0.98987,                 1.5513,             0.00058745,             0.00058745,             0.00058745
                    122,                0.63059,                0.76457,                 1.0915,                 0.6119,                0.72653,                0.71586,                0.61194,                  1.084,                 1.3533,                 1.5562,             0.00058305,             0.00058305,             0.00058305
                    123,                 0.5703,                 0.6817,                 1.0432,                0.66683,                0.72855,                0.69809,                 0.5846,                 1.0979,                 1.2836,                 1.6471,             0.00057865,             0.00057865,             0.00057865
                    124,                0.63245,                0.73072,                 1.0904,                0.80499,                0.66926,                0.71666,                0.57084,                 1.1262,                 1.3336,                 1.6295,             0.00057425,             0.00057425,             0.00057425
                    125,                  0.595,                0.68659,                 1.1024,                0.76622,                0.66708,                0.73072,                0.57557,                 1.1743,                 1.2063,                 1.6456,             0.00056985,             0.00056985,             0.00056985
                    126,                0.66376,                0.77909,                 1.1153,                 0.7378,                0.76465,                0.74659,                 0.5511,                  1.227,                 1.2358,                 1.7076,             0.00056545,             0.00056545,             0.00056545
                    127,                0.61477,                0.71103,                 1.1164,                0.72278,                0.54502,                0.65539,                0.54438,                 1.0177,                 1.2505,                 1.4532,             0.00056105,             0.00056105,             0.00056105
                    128,                0.58973,                0.62175,                 1.0481,                0.62561,                0.67159,                0.66649,                0.57162,                0.97494,                  1.331,                 1.4398,             0.00055666,             0.00055666,             0.00055666
                    129,                0.58741,                0.63946,                 1.0622,                 0.6089,                0.65849,                0.68315,                0.57971,                 1.0367,                  1.349,                 1.5052,             0.00055226,             0.00055226,             0.00055226
                    130,                 0.5705,                0.64362,                 1.0754,                0.59127,                0.63534,                0.71008,                0.57198,                 1.2388,                 1.5647,                 1.6731,             0.00054786,             0.00054786,             0.00054786
                    131,                0.65994,                0.75483,                 1.1138,                0.61777,                0.71701,                0.70647,                0.54372,                 1.1786,                 1.6195,                 1.6031,             0.00054346,             0.00054346,             0.00054346
                    132,                0.61294,                0.70967,                 1.0851,                0.70727,                0.69954,                0.74431,                0.61401,                 1.0237,                 1.4151,                 1.4893,             0.00053906,             0.00053906,             0.00053906
                    133,                0.59099,                0.69707,                  1.082,                0.80726,                0.77613,                0.85327,                0.62618,                 1.0044,                 1.1859,                  1.444,             0.00053466,             0.00053466,             0.00053466
                    134,                0.62575,                 0.6734,                 1.0925,                0.79409,                0.78402,                0.83086,                0.66147,                0.88034,                0.95871,                 1.3378,             0.00053026,             0.00053026,             0.00053026
                    135,                 0.6393,                0.69204,                 1.1052,                0.89159,                 0.7791,                0.86528,                0.69716,                0.86098,                0.81971,                 1.3554,             0.00052586,             0.00052586,             0.00052586
                    136,                0.56479,                0.63346,                 1.0766,                0.93223,                0.78571,                0.85381,                0.67229,                0.97323,                0.87589,                 1.4339,             0.00052146,             0.00052146,             0.00052146
                    137,                0.58345,                0.65678,                 1.0687,                0.75239,                0.78602,                0.78521,                0.65298,                 1.0256,                 1.0674,                 1.4612,             0.00051706,             0.00051706,             0.00051706
                    138,                0.61983,                 0.6553,                 1.0784,                0.69453,                0.73439,                 0.7691,                0.66357,                0.89222,                0.94701,                 1.3539,             0.00051266,             0.00051266,             0.00051266
                    139,                0.60483,                0.66724,                 1.0905,                0.65025,                0.74846,                0.76779,                0.64805,                 1.0563,                 1.0925,                 1.4728,             0.00050826,             0.00050826,             0.00050826
                    140,                0.55128,                0.63304,                 1.0552,                0.89185,                0.65632,                0.85537,                0.66863,                 1.0162,                 1.1882,                 1.4173,             0.00050386,             0.00050386,             0.00050386
                    141,                0.57581,                0.67262,                 1.0622,                0.81479,                0.63914,                0.81282,                0.66774,                0.92403,                 1.1421,                  1.329,             0.00049946,             0.00049946,             0.00049946
                    142,                0.56111,                0.63257,                 1.0869,                0.68629,                0.71937,                0.75661,                0.61028,                0.80938,                 1.0255,                 1.2178,             0.00049506,             0.00049506,             0.00049506
                    143,                0.59311,                0.65793,                 1.0811,                0.74807,                  0.725,                0.72219,                0.59912,                0.96834,                 1.2513,                 1.3374,             0.00049066,             0.00049066,             0.00049066
                    144,                0.57789,                0.60691,                 1.0972,                0.69147,                  0.675,                0.71737,                0.57383,                 1.0978,                  1.494,                 1.4876,             0.00048626,             0.00048626,             0.00048626
                    145,                0.58277,                 0.6287,                 1.0618,                0.81936,                0.68352,                0.78657,                0.64635,                 1.0568,                   1.15,                    1.5,             0.00048186,             0.00048186,             0.00048186
                    146,                 0.5724,                0.62245,                 1.0698,                0.88941,                0.68605,                0.78659,                0.66051,                0.97797,                 1.1194,                 1.4909,             0.00047746,             0.00047746,             0.00047746
                    147,                0.59825,                0.65341,                 1.0788,                0.83731,                0.68783,                0.75757,                 0.6172,                 1.0757,                  1.245,                 1.5698,             0.00047306,             0.00047306,             0.00047306
                    148,                0.60215,                 0.6605,                 1.1044,                0.76606,                 0.7375,                0.75332,                0.64526,                 1.0532,                 1.2282,                 1.5138,             0.00046866,             0.00046866,             0.00046866
                    149,                0.55944,                 0.5917,                 1.0818,                 0.6381,                 0.7375,                0.73076,                0.61175,                0.90199,                0.87563,                 1.3519,             0.00046426,             0.00046426,             0.00046426
                    150,                0.58849,                0.65306,                 1.0658,                0.78016,                0.76994,                0.79014,                0.64272,                0.97786,                0.86558,                  1.426,             0.00045987,             0.00045987,             0.00045987
                    151,                0.55554,                0.63685,                 1.0465,                0.79237,                0.82419,                 0.8252,                0.65633,                 1.0611,                0.83724,                 1.5354,             0.00045547,             0.00045547,             0.00045547
                    152,                0.51185,                0.56254,                 1.0398,                0.87006,                0.75125,                0.88202,                0.72053,                 0.9641,                 0.7842,                 1.4377,             0.00045107,             0.00045107,             0.00045107
                    153,                0.48816,                0.53355,                 1.0412,                0.94468,                 0.7875,                0.84906,                0.67641,                 1.0143,                0.97891,                 1.4745,             0.00044667,             0.00044667,             0.00044667
                    154,                0.50021,                0.56607,                 1.0246,                0.94887,                 0.7649,                0.84579,                0.67763,                  1.052,                0.96798,                 1.5176,             0.00044227,             0.00044227,             0.00044227
                    155,                0.54172,                0.62151,                 1.0571,                0.73232,                0.79517,                0.86547,                0.68348,                0.97671,                0.86331,                 1.4795,             0.00043787,             0.00043787,             0.00043787
                    156,                0.56748,                0.64765,                  1.089,                0.85693,                 0.8362,                0.88019,                0.70851,                0.92765,                0.78024,                 1.4223,             0.00043347,             0.00043347,             0.00043347
                    157,                0.51815,                0.59536,                 1.0391,                0.88968,                0.78904,                0.90378,                0.68129,                0.96275,                0.74504,                  1.437,             0.00042907,             0.00042907,             0.00042907
                    158,                   0.51,                 0.5757,                 1.0237,                0.87141,                0.75686,                0.82969,                0.64229,                 1.0659,                0.95015,                 1.5676,             0.00042467,             0.00042467,             0.00042467
                    159,                0.47915,                  0.555,                 1.0294,                0.85916,                  0.725,                0.76242,                0.60473,                   1.15,                 1.1171,                 1.5912,             0.00042027,             0.00042027,             0.00042027
                    160,                0.53471,                 0.5454,                 1.0394,                0.71085,                0.69693,                0.73116,                0.62374,                0.99531,                 1.1124,                 1.3858,             0.00041587,             0.00041587,             0.00041587
                    161,                 0.5146,                0.55214,                 1.0492,                0.60398,                0.67488,                0.72397,                0.59499,                 1.2677,                 1.1271,                 1.6844,             0.00041147,             0.00041147,             0.00041147
                    162,                0.53571,                0.56949,                 1.0495,                0.66364,                0.78326,                 0.7484,                0.62159,                 1.1719,                0.97079,                 1.6788,             0.00040707,             0.00040707,             0.00040707
                    163,                0.52319,                0.60197,                 1.0489,                0.69297,                0.75308,                0.77995,                0.65379,                 1.1309,                 0.8275,                 1.6489,             0.00040267,             0.00040267,             0.00040267
                    164,                0.54091,                0.57229,                 1.0601,                0.96778,                0.68326,                 0.7916,                0.65984,                 1.1208,                 0.8444,                 1.6281,             0.00039827,             0.00039827,             0.00039827
                    165,                0.49008,                0.55988,                 1.0142,                0.94632,                 0.6856,                0.80135,                0.67113,                 1.0442,                0.82782,                 1.5163,             0.00039387,             0.00039387,             0.00039387
                    166,                0.49013,                0.54284,                 1.0052,                 0.6208,                0.87938,                0.86606,                0.63125,                 1.0633,                0.89405,                 1.4984,             0.00038947,             0.00038947,             0.00038947
                    167,                0.53549,                0.58884,                 1.0267,                0.69478,                 0.8375,                0.80677,                0.61346,                 1.1438,                0.97786,                  1.627,             0.00038507,             0.00038507,             0.00038507
                    168,                0.49041,                0.50235,                 1.0197,                0.66745,                0.85817,                0.80607,                0.59553,                 1.0586,                 1.0673,                 1.5366,             0.00038067,             0.00038067,             0.00038067
                    169,                0.47284,                0.50957,                 1.0095,                0.61401,                  0.725,                0.74142,                0.56433,                  1.072,                 1.1167,                 1.5326,             0.00037627,             0.00037627,             0.00037627
                    170,                0.54774,                0.61739,                 1.0372,                0.57955,                0.66951,                0.70151,                0.52972,                 1.1157,                 1.1345,                 1.6631,             0.00037187,             0.00037187,             0.00037187
                    171,                0.53491,                0.63511,                 1.0353,                0.52173,                0.74039,                0.71892,                0.54528,                 1.1594,                 1.0057,                 1.7052,             0.00036747,             0.00036747,             0.00036747
                    172,                0.51458,                0.51321,                 1.0092,                0.98316,                0.67091,                0.79546,                  0.635,                 1.1138,                0.88352,                 1.5743,             0.00036307,             0.00036307,             0.00036307
                    173,                0.47879,                0.55754,                0.99984,                0.82524,                0.79614,                0.85873,                0.67892,                   1.12,                0.74451,                 1.5384,             0.00035868,             0.00035868,             0.00035868
                    174,                 0.5164,                 0.5628,                 1.0471,                0.89519,                    0.8,                0.86247,                0.67848,                 1.1493,                0.78505,                 1.5465,             0.00035428,             0.00035428,             0.00035428
                    175,                0.55978,                0.63029,                 1.0632,                0.91774,                    0.8,                0.85559,                0.68975,                  1.106,                0.75794,                 1.5556,             0.00034988,             0.00034988,             0.00034988
                    176,                0.48344,                0.51757,                0.99964,                0.88056,                0.79089,                0.85731,                0.70825,                0.99249,                0.76312,                 1.5008,             0.00034548,             0.00034548,             0.00034548
                    177,                  0.482,                0.54572,                  1.016,                0.98811,                0.68386,                0.78495,                0.69445,                0.91358,                0.86405,                  1.412,             0.00034108,             0.00034108,             0.00034108
                    178,                0.49468,                0.48771,                0.99332,                0.60851,                0.77598,                0.74559,                0.64588,                0.99119,                   1.08,                 1.5524,             0.00033668,             0.00033668,             0.00033668
                    179,                 0.5017,                0.52746,                 1.0109,                0.72812,                0.73033,                0.78639,                0.66171,                0.91265,                 1.1983,                 1.4624,             0.00033228,             0.00033228,             0.00033228
                    180,                0.50506,                0.55725,                 1.0172,                 0.6708,                0.79479,                0.77406,                0.66848,                0.71141,                 1.0733,                 1.2147,             0.00032788,             0.00032788,             0.00032788
                    181,                 0.4979,                0.50263,                 1.0249,                0.62956,                0.75634,                0.76318,                0.63819,                0.76905,                 1.0894,                  1.252,             0.00032348,             0.00032348,             0.00032348
                    182,                 0.4686,                0.56393,                 1.0028,                0.65711,                0.73279,                0.70412,                0.61103,                0.77452,                 1.1793,                 1.2312,             0.00031908,             0.00031908,             0.00031908
                    183,                0.45347,                0.50043,                0.98539,                0.56766,                0.76753,                0.71993,                0.61461,                0.74807,                 1.2045,                  1.265,             0.00031468,             0.00031468,             0.00031468
                    184,                0.48249,                0.51337,                 1.0202,                0.53955,                0.74578,                0.73563,                0.62269,                0.85468,                 1.2567,                 1.3486,             0.00031028,             0.00031028,             0.00031028
                    185,                0.43552,                0.46171,                0.99267,                0.61042,                0.78377,                0.71182,                0.64609,                0.94972,                  1.154,                 1.4224,             0.00030588,             0.00030588,             0.00030588
                    186,                0.43911,                0.48564,                 0.9886,                0.66398,                0.75864,                0.76432,                0.66139,                 1.1833,                 1.1144,                 1.6894,             0.00030148,             0.00030148,             0.00030148
                    187,                0.46757,                0.51678,                 1.0205,                0.70791,                0.74526,                 0.8011,                0.68712,                 1.1312,                 1.0022,                 1.6519,             0.00029708,             0.00029708,             0.00029708
                    188,                0.42452,                0.44343,                0.98964,                0.94519,                0.79342,                0.87769,                0.67493,                 1.1425,                0.96222,                 1.6299,             0.00029268,             0.00029268,             0.00029268
                    189,                0.47166,                0.51999,                  1.001,                0.81741,                0.88771,                0.88232,                0.65303,                 1.1669,                0.96485,                 1.6008,             0.00028828,             0.00028828,             0.00028828
                    190,                 0.5039,                0.55591,                 1.0286,                0.95602,                0.73934,                0.85013,                0.61423,                 1.1598,                 1.1155,                 1.5843,             0.00028388,             0.00028388,             0.00028388
                    191,                0.48641,                0.49105,                  1.014,                0.96943,                0.73095,                0.85738,                0.62066,                 1.1464,                 1.1033,                 1.5209,             0.00027948,             0.00027948,             0.00027948
                    192,                0.46108,                0.50216,                 1.0044,                0.88011,                 0.7538,                0.85083,                0.60208,                 1.0658,                0.91226,                 1.4905,             0.00027508,             0.00027508,             0.00027508
                    193,                0.44914,                0.50287,                0.98501,                0.97755,                0.74528,                0.89915,                0.66437,                 1.0777,                0.88903,                 1.5055,             0.00027068,             0.00027068,             0.00027068
                    194,                0.46195,                0.47725,                 1.0006,                0.96635,                 0.7875,                0.86125,                0.68362,                 1.0616,                 1.1472,                  1.491,             0.00026628,             0.00026628,             0.00026628
                    195,                0.43671,                0.42891,                0.98103,                0.91146,                 0.7789,                0.85644,                0.70733,                0.94066,                0.91333,                 1.4473,             0.00026188,             0.00026188,             0.00026188
                    196,                0.43035,                0.43377,                0.97357,                0.95444,                0.73278,                0.87026,                 0.7369,                0.89153,                0.90849,                   1.37,             0.00025749,             0.00025749,             0.00025749
                    197,                0.46629,                0.48449,                 1.0093,                0.92809,                0.74575,                0.87405,                0.72249,                0.84409,                0.89123,                 1.3378,             0.00025309,             0.00025309,             0.00025309
                    198,                0.52554,                0.55906,                 1.0445,                0.78081,                0.75564,                0.85723,                0.72115,                0.82894,                0.91607,                 1.3355,             0.00024869,             0.00024869,             0.00024869
                    199,                0.50205,                 0.4865,                0.99991,                0.83769,                 0.7564,                0.86081,                0.71251,                0.93331,                 1.0885,                 1.3957,             0.00024429,             0.00024429,             0.00024429
                    200,                 0.4524,                0.44033,                 1.0008,                 0.7153,                0.77992,                0.79094,                0.65892,                0.84136,                 1.0989,                 1.2977,             0.00023989,             0.00023989,             0.00023989
                    201,                0.45056,                0.49806,                0.98961,                0.90765,                0.63345,                0.74942,                0.66115,                0.88517,                 1.0998,                 1.3169,             0.00023549,             0.00023549,             0.00023549
                    202,                0.40462,                0.39671,                0.96845,                0.59282,                0.76189,                0.75003,                0.65243,                 1.0271,                 1.1582,                 1.4273,             0.00023109,             0.00023109,             0.00023109
                    203,                0.49735,                0.51802,                 1.0225,                0.59174,                    0.8,                0.76029,                0.63022,                 1.0929,                 1.1496,                 1.5377,             0.00022669,             0.00022669,             0.00022669
                    204,                0.45337,                0.48175,                 1.0057,                0.61358,                   0.75,                0.75794,                0.60891,                  1.139,                 1.1134,                 1.6795,             0.00022229,             0.00022229,             0.00022229
                    205,                0.40272,                0.44228,                0.97356,                0.97357,                0.66106,                0.81062,                0.64076,                 1.0277,                 1.1217,                 1.5619,             0.00021789,             0.00021789,             0.00021789
                    206,                0.46503,                0.45786,                 1.0152,                0.66655,                0.84681,                0.83551,                0.67496,                0.86003,                0.97393,                 1.3903,             0.00021349,             0.00021349,             0.00021349
                    207,                0.42895,                0.41035,                0.98171,                0.68063,                0.83929,                0.84276,                0.68916,                0.85478,                0.92071,                 1.3274,             0.00020909,             0.00020909,             0.00020909
                    208,                0.46518,                0.46164,                 1.0124,                0.92421,                0.68785,                0.77873,                 0.6661,                0.91053,                 1.0375,                 1.3248,             0.00020469,             0.00020469,             0.00020469
                    209,                0.43908,                 0.4977,                0.98489,                0.91363,                 0.6906,                0.77518,                0.67762,                0.79826,                 0.9631,                 1.2439,             0.00020029,             0.00020029,             0.00020029
                    210,                0.40683,                 0.4151,                0.96591,                0.88104,                0.69212,                0.74335,                0.67581,                0.73814,                 1.0186,                  1.222,             0.00019589,             0.00019589,             0.00019589
                    211,                0.41684,                0.42996,                0.97747,                 0.9499,                0.67547,                0.75521,                0.66355,                0.83538,                 1.0017,                  1.331,             0.00019149,             0.00019149,             0.00019149
                    212,                0.36979,                0.39353,                0.94376,                0.62018,                0.74146,                0.77049,                0.67487,                0.99006,                 1.0402,                 1.4619,             0.00018709,             0.00018709,             0.00018709
                    213,                0.42646,                0.46501,                0.97677,                0.61638,                0.73545,                0.77036,                0.67866,                0.98091,                 1.0973,                 1.4533,             0.00018269,             0.00018269,             0.00018269
                    214,                0.43369,                0.45419,                0.97922,                0.60987,                0.73857,                0.78443,                0.68428,                0.96351,                 1.0429,                 1.4632,             0.00017829,             0.00017829,             0.00017829
                    215,                0.41253,                0.44128,                0.99601,                0.66071,                 0.7934,                0.80312,                0.68488,                0.87747,                 1.0313,                 1.3934,             0.00017389,             0.00017389,             0.00017389
                    216,                 0.3838,                0.38284,                0.97127,                0.67302,                0.84021,                0.81429,                0.69059,                0.85711,                 1.0471,                 1.4131,             0.00016949,             0.00016949,             0.00016949
                    217,                0.42995,                 0.4405,                0.99109,                 0.6831,                0.80089,                0.81547,                0.69802,                0.96912,                 1.1264,                 1.5142,             0.00016509,             0.00016509,             0.00016509
                    218,                0.40007,                0.43157,                0.95243,                0.70651,                  0.733,                 0.8163,                 0.6902,                0.95239,                 1.0971,                 1.5327,              0.0001607,              0.0001607,              0.0001607
                    219,                0.42239,                0.45061,                0.98063,                0.77332,                0.85939,                0.90289,                0.68945,                0.97244,                 1.0403,                 1.5025,              0.0001563,              0.0001563,              0.0001563
                    220,                0.37986,                0.39621,                0.95376,                0.79001,                0.86801,                0.89792,                0.69935,                0.91175,                0.97713,                 1.3786,              0.0001519,              0.0001519,              0.0001519
                    221,                 0.3978,                0.43048,                0.96108,                0.77596,                0.87687,                0.90007,                0.71615,                0.90904,                 0.9129,                 1.3744,              0.0001475,              0.0001475,              0.0001475
                    222,                0.40173,                0.41394,                0.98125,                0.78728,                0.88924,                0.90029,                0.70897,                0.92057,                0.88401,                 1.3604,              0.0001431,              0.0001431,              0.0001431
                    223,                0.41932,                0.42491,                0.97438,                0.90287,                0.81607,                0.90506,                0.71711,                0.87865,                0.80816,                 1.3324,              0.0001387,              0.0001387,              0.0001387
                    224,                0.45822,                0.45036,                  1.023,                0.91562,                0.81008,                0.90732,                0.70597,                0.85272,                0.82074,                 1.3176,              0.0001343,              0.0001343,              0.0001343
                    225,                0.38946,                0.40229,                 0.9811,                0.94041,                0.79799,                0.90564,                0.71979,                0.82016,                0.83456,                 1.2882,              0.0001299,              0.0001299,              0.0001299
                    226,                0.37881,                0.41826,                0.97171,                0.96601,                0.83295,                 0.8954,                0.71151,                 0.7902,                0.79177,                 1.2508,              0.0001255,              0.0001255,              0.0001255
                    227,                0.38616,                0.38596,                 0.9509,                0.93269,                0.83737,                0.90491,                0.69996,                0.78389,                0.76415,                 1.2235,              0.0001211,              0.0001211,              0.0001211
                    228,                0.37174,                0.36983,                0.95362,                0.90193,                0.83991,                0.88893,                0.68886,                 0.7758,                 0.7696,                 1.2246,              0.0001167,              0.0001167,              0.0001167
                    229,                0.39279,                0.39765,                0.94267,                0.90759,                0.68995,                0.81927,                0.63371,                0.82688,                0.81755,                 1.2535,              0.0001123,              0.0001123,              0.0001123
                    230,                0.37111,                0.39152,                0.94162,                0.67799,                0.84821,                0.77784,                0.64881,                0.82613,                0.83822,                  1.248,              0.0001079,              0.0001079,              0.0001079
                    231,                0.36127,                0.36873,                0.94516,                0.70122,                0.82937,                0.78241,                0.66121,                0.82223,                0.85207,                 1.2579,              0.0001035,              0.0001035,              0.0001035
                    232,                0.36475,                0.37875,                0.94673,                0.66204,                0.78354,                0.77247,                0.65999,                0.85426,                0.84967,                    1.3,             9.9101e-05,             9.9101e-05,             9.9101e-05
                    233,                0.40811,                0.43485,                0.97367,                 0.6899,                0.78077,                0.76408,                 0.6609,                0.88368,                0.83365,                 1.3151,             9.4702e-05,             9.4702e-05,             9.4702e-05
                    234,                0.38941,                0.39511,                0.96786,                0.59109,                    0.8,                0.73472,                0.65751,                0.88053,                0.80581,                 1.3139,             9.0302e-05,             9.0302e-05,             9.0302e-05
                    235,                0.38189,                0.38607,                0.95471,                0.57878,                 0.7977,                0.71722,                0.62643,                0.96488,                0.83095,                  1.375,             8.5903e-05,             8.5903e-05,             8.5903e-05
                    236,                0.36031,                0.38272,                0.94883,                0.57821,                0.79988,                0.71761,                0.63009,                 1.0335,                0.88198,                 1.4147,             8.1503e-05,             8.1503e-05,             8.1503e-05
                    237,                 0.3988,                0.42376,                0.96849,                0.80479,                0.84357,                0.80508,                0.62879,                 1.1012,                0.87918,                 1.4673,             7.7103e-05,             7.7103e-05,             7.7103e-05
                    238,                0.41194,                0.41933,                0.97473,                0.79934,                0.84877,                0.81391,                0.63875,                 1.0963,                0.88368,                 1.4873,             7.2704e-05,             7.2704e-05,             7.2704e-05
                    239,                0.35925,                0.39788,                0.94783,                0.75446,                 0.8344,                0.80508,                0.63459,                 1.0236,                0.87177,                 1.4627,             6.8304e-05,             6.8304e-05,             6.8304e-05
                    240,                0.40356,                0.40511,                0.96656,                0.74053,                0.83405,                0.80638,                0.64395,                0.99003,                0.82589,                 1.4633,             6.3905e-05,             6.3905e-05,             6.3905e-05
                    241,                0.29025,                0.40879,                0.91178,                0.69072,                0.81381,                0.80356,                0.62509,                0.95064,                 0.7673,                 1.4567,             5.9505e-05,             5.9505e-05,             5.9505e-05
                    242,                0.24546,                0.30804,                0.87349,                  0.784,                  0.725,                0.79291,                0.60503,                0.95012,                0.74276,                 1.4604,             5.5106e-05,             5.5106e-05,             5.5106e-05
                    243,                0.27491,                0.36917,                0.88375,                0.77591,                  0.725,                0.81454,                0.60738,                0.96243,                0.73164,                 1.4692,             5.0706e-05,             5.0706e-05,             5.0706e-05
                    244,                0.25335,                0.31787,                0.88984,                0.63298,                    0.9,                0.81994,                0.62185,                0.96555,                0.71294,                 1.4653,             4.6306e-05,             4.6306e-05,             4.6306e-05
                    245,                0.24983,                0.30755,                0.91194,                0.77833,                   0.85,                0.85115,                0.64555,                0.96798,                0.70994,                 1.4589,             4.1907e-05,             4.1907e-05,             4.1907e-05
                    246,                0.24198,                 0.3022,                0.89381,                0.71545,                    0.9,                0.86292,                0.66227,                0.95581,                0.69608,                 1.4507,             3.7507e-05,             3.7507e-05,             3.7507e-05
